 {
   "AWSEBDockerrunVersion": "1",
   "Command": "--rpc  --rpcapi eth,net --rpcaddr 0.0.0.0 --rpcport 8545 --rpcvhosts=* --syncmode fast --datadir .mainnet --verbosity 3",
   "Image": {
     "Name": "poktnetwork/geth:mainnet",
     "Update": "true"
   },
   "Ports": [
     {
       "ContainerPort": "8545"
     },
     {
       "ContainerPort": "30303"
     }
   ],
   "Volumes": [
     {
       "HostDirectory": "/var/app/mainnet",
       "ContainerDirectory": "/etc/.mainnet"
     }
   ],
   "Logging": "/var/log/nginx"
}
